,Date,type,region,year,Total Volume,PLU4046,PLU4225,PLU4770,Total Bags,Small Bags,Large Bags,XLarge Bags,AveragePrice
670,2/8/2015,conventional,Denver,2015,766576.39,153584.14,466313.49,5420.92,141257.84,92800.41,48427.25,30.18,0.95
7361,1/22/2017,conventional,Philadelphia,2017,489345.23,18201.14,287008.11,58242.14,125893.84,114958.9,9387.36,1547.58,1.51
17755,1/14/2018,organic,Denver,2018,36501.82,8395.91,839.11,53.61,27213.19,25789.59,1423.6,0.0,1.53
14343,8/21/2016,organic,Southeast,2016,64499.62,11946.01,13428.48,712.1,38413.03,32410.75,6002.28,0.0,1.65
11368,11/15/2015,organic,Seattle,2015,27437.74,2049.35,11965.96,17.31,13405.12,290.22,13114.9,0.0,1.5
2876,9/4/2016,conventional,Atlanta,2016,614657.03,356593.2,55475.65,130.69,202457.49,126235.35,75979.08,243.06,0.89
15853,1/1/2017,organic,Jacksonville,2017,3707.67,245.43,38.31,2.39,3421.54,910.0,2511.54,0.0,1.24
6547,6/4/2017,conventional,HartfordSpringfield,2017,288516.73,10922.08,216912.96,148.68,60533.01,59149.95,0.0,1383.06,1.81
2825,8/28/2016,conventional,Albany,2016,145323.22,34912.97,94928.79,53.85,15427.61,14367.64,269.97,790.0,1.18
17292,11/12/2017,organic,StLouis,2017,5719.05,10.52,1238.07,0.0,4470.46,2041.26,2429.2,0.0,1.96
2035,11/8/2015,conventional,Roanoke,2015,114124.6,53190.61,35852.04,135.05,24946.9,24873.75,73.15,0.0,1.01
14441,10/2/2016,organic,StLouis,2016,6734.06,572.55,704.25,0.0,5457.26,892.77,4564.49,0.0,1.23
5348,2/21/2016,conventional,StLouis,2016,207338.72,78891.03,27326.04,55.42,101066.23,74251.97,26792.44,21.82,1.0
12319,7/24/2016,organic,Charlotte,2016,8306.2,388.08,4288.98,1242.32,2386.82,2383.49,3.33,0.0,1.62
14844,1/15/2017,organic,Atlanta,2017,6291.29,1129.49,3582.5,0.0,1579.3,0.0,1579.3,0.0,1.62
14222,12/18/2016,organic,SouthCarolina,2016,7408.4,280.88,2148.75,219.66,4759.11,3481.51,1277.6,0.0,1.5
906,7/26/2015,conventional,HartfordSpringfield,2015,266049.58,3579.93,205203.65,2171.08,55094.92,52815.8,2279.12,0.0,1.3
7011,9/3/2017,conventional,Nashville,2017,188701.54,76965.28,42751.23,76.41,68908.62,57883.39,10273.89,751.34,1.34
6632,10/29/2017,conventional,Indianapolis,2017,152558.08,8565.38,65715.28,870.81,77406.61,36905.14,40362.33,139.14,1.63
14884,4/16/2017,organic,BaltimoreWashington,2017,24454.71,1248.3,11853.83,398.85,10953.73,10925.78,27.95,0.0,1.96
574,12/13/2015,conventional,DallasFtWorth,2015,980891.18,476178.99,319789.56,62436.8,122485.83,114978.22,7472.99,34.62,0.79
11470,11/29/2015,organic,SouthCentral,2015,48739.53,21480.33,3491.54,0.0,23767.66,21567.32,2200.34,0.0,1.47
8537,1/7/2018,conventional,Boston,2018,685417.51,12012.96,557314.83,4961.24,111128.48,58834.32,52294.16,0.0,1.28
12213,8/7/2016,organic,BuffaloRochester,2016,4350.7,51.48,215.02,0.0,4084.2,4084.2,0.0,0.0,1.52
16689,3/26/2017,organic,Portland,2017,77379.73,2870.05,5856.87,18.61,68634.2,148.03,68486.17,0.0,0.68
11285,6/21/2015,organic,SanDiego,2015,11055.46,2962.12,7601.86,0.0,491.48,491.48,0.0,0.0,1.56
13341,11/27/2016,organic,NewOrleansMobile,2016,2425.61,104.69,0.0,0.0,2320.92,1277.5,1043.42,0.0,1.48
642,8/23/2015,conventional,Denver,2015,598195.03,135261.61,318115.81,21420.3,123397.31,45407.51,77989.8,0.0,1.2
3873,7/3/2016,conventional,Jacksonville,2016,272150.68,137102.4,48698.98,1134.71,85214.59,37396.58,41823.01,5995.0,0.93
15175,10/22/2017,organic,Chicago,2017,33775.92,38.23,23237.19,0.0,10500.5,10491.61,8.89,0.0,2.1
4352,4/17/2016,conventional,Northeast,2016,3849051.4,105339.58,2415296.29,102786.85,1225628.68,1115346.23,108151.38,2131.07,1.12
4597,7/31/2016,conventional,Pittsburgh,2016,94553.4,1433.04,52790.96,943.41,39385.99,27719.86,10802.41,863.72,1.42
6309,12/3/2017,conventional,Detroit,2017,515907.0,101693.0,183341.0,36621.0,194253.0,120011.0,73013.0,1228.0,0.97
10853,10/11/2015,organic,PhoenixTucson,2015,6593.87,5438.94,970.16,0.0,184.77,181.25,3.52,0.0,1.91
772,2/22/2015,conventional,GrandRapids,2015,129295.86,1593.4,69934.93,4894.78,52872.75,48858.06,3767.48,247.21,1.31
6591,8/6/2017,conventional,Houston,2017,1192888.53,552895.89,251754.0,3739.05,384499.59,246147.25,138352.34,0.0,0.99
9482,2/22/2015,organic,California,2015,136421.88,102232.31,25715.73,0.0,8473.84,8470.51,3.33,0.0,1.41
8047,2/12/2017,conventional,SouthCentral,2017,7043078.06,3640314.18,1098974.88,215201.61,2088587.39,1790736.15,276301.68,21549.56,0.68
5587,7/17/2016,conventional,WestTexNewMexico,2016,802834.4,449793.85,85497.73,16431.19,251111.63,178906.87,68996.71,3208.05,0.95
9247,8/30/2015,organic,BaltimoreWashington,2015,12626.2,2524.44,5164.04,715.02,4222.7,4219.94,2.76,0.0,1.6
5199,1/3/2016,conventional,SouthCentral,2016,5693942.07,2512692.22,2024262.18,361423.55,795564.12,682311.74,109448.15,3804.23,0.79
15676,5/7/2017,organic,HartfordSpringfield,2017,15173.18,198.47,7086.04,2.76,7885.91,7885.91,0.0,0.0,2.51
13349,10/2/2016,organic,NewOrleansMobile,2016,1263.25,144.78,0.0,0.0,1118.47,1071.8,46.67,0.0,1.72
159,12/6/2015,conventional,Boise,2015,95295.34,35590.98,12526.5,4086.26,43091.6,42734.53,0.0,357.07,0.71
4705,7/3/2016,conventional,Portland,2016,728681.01,162120.67,189257.93,20839.47,356462.94,355095.8,1172.96,194.18,0.98
5453,2/14/2016,conventional,Tampa,2016,329879.07,160675.05,76135.86,78.63,92989.53,56730.92,36258.61,0.0,1.0
14719,5/29/2016,organic,WestTexNewMexico,2016,47067.58,4805.12,25176.83,7675.68,9409.95,6003.34,3406.61,0.0,1.35
4869,5/8/2016,conventional,Roanoke,2016,184595.6,46723.27,76766.69,277.57,60828.07,56454.27,4373.8,0.0,0.87
4674,2/7/2016,conventional,Plains,2016,2838853.24,1206795.22,1165322.88,29501.59,437233.55,373119.34,62700.76,1413.45,0.83
15859,11/26/2017,organic,LasVegas,2017,6599.52,1613.28,1302.68,0.0,3683.56,3683.56,0.0,0.0,1.95
13918,10/23/2016,organic,RichmondNorfolk,2016,12154.78,141.64,4350.3,358.26,7304.58,1949.05,5355.53,0.0,1.16
12512,11/6/2016,organic,DallasFtWorth,2016,25468.3,7183.02,95.81,0.0,18189.47,17866.27,323.2,0.0,1.36
12530,7/3/2016,organic,DallasFtWorth,2016,32844.7,12757.01,1067.37,0.0,19020.32,18951.12,69.2,0.0,0.99
3015,1/3/2016,conventional,Boise,2016,106106.95,43868.7,10276.84,5431.66,46529.75,46476.08,17.0,36.67,0.77
10565,4/26/2015,organic,NewOrleansMobile,2015,2747.19,353.56,83.28,0.0,2310.35,2310.35,0.0,0.0,1.56
3389,10/23/2016,conventional,DallasFtWorth,2016,993986.41,420151.75,240421.45,3183.27,330229.94,323804.52,4850.5,1574.92,1.08
13548,12/4/2016,organic,Orlando,2016,5320.93,529.26,41.71,0.0,4749.96,2106.67,2643.29,0.0,1.46
2486,3/8/2015,conventional,Spokane,2015,69848.58,35184.21,24432.93,2713.19,7518.25,7514.21,4.04,0.0,1.18
8857,2/4/2018,conventional,Orlando,2018,759532.37,511953.91,60712.96,1345.0,185520.5,88148.1,97195.73,176.67,0.99
11408,2/8/2015,organic,Seattle,2015,54484.31,8561.32,34897.03,32.96,10993.0,586.67,10406.33,0.0,1.4
14008,1/31/2016,organic,Roanoke,2016,6019.01,98.48,3346.91,0.0,2573.62,794.41,1779.21,0.0,1.33
15121,10/29/2017,organic,Charlotte,2017,11245.23,43.32,3776.83,160.97,7264.11,7117.43,146.68,0.0,2.02
3764,8/7/2016,conventional,Houston,2016,1040953.31,614770.18,239657.73,5032.97,181492.43,121223.82,60268.61,0.0,0.92
9134,11/1/2015,organic,Albany,2015,1021.68,11.47,137.58,0.0,872.63,872.63,0.0,0.0,1.88
1743,6/21/2015,conventional,PhoenixTucson,2015,1343180.92,1028045.58,188115.35,4910.71,122109.28,99129.04,22980.24,0.0,0.54
14414,4/10/2016,organic,Spokane,2016,8577.23,93.08,1966.33,0.0,6517.82,0.0,6517.82,0.0,0.85
7501,6/4/2017,conventional,Plains,2017,2136102.71,958508.87,499135.71,11013.14,667444.99,620312.74,35312.21,11820.04,1.31
17703,2/11/2018,organic,Chicago,2018,38202.17,409.68,26524.51,0.0,11267.98,11261.31,6.67,0.0,1.65
14005,2/21/2016,organic,Roanoke,2016,4281.11,111.37,3060.73,0.0,1109.01,637.88,471.13,0.0,1.38
14635,1/10/2016,organic,TotalUS,2016,828670.59,113867.63,287590.19,8771.79,418440.98,183115.43,235325.55,0.0,1.35
2872,10/2/2016,conventional,Atlanta,2016,440044.4,182418.33,69411.24,140.88,188073.95,104367.67,83706.28,0.0,1.26
15210,2/19/2017,organic,Chicago,2017,36645.7,324.96,28155.69,0.0,8165.05,8165.05,0.0,0.0,1.6
10403,6/7/2015,organic,MiamiFtLauderdale,2015,2094.36,1085.62,19.75,0.0,988.99,988.99,0.0,0.0,1.75
15443,10/1/2017,organic,Detroit,2017,21753.6,503.84,3596.4,0.0,17535.94,15555.28,1980.66,0.0,1.75
15258,3/26/2017,organic,CincinnatiDayton,2017,24050.02,244.52,4884.24,0.0,18921.26,958.19,17963.07,0.0,1.04
11565,2/1/2015,organic,Southeast,2015,35085.7,8698.27,9368.82,804.65,16213.96,14673.34,1540.62,0.0,1.6
10540,10/18/2015,organic,NewOrleansMobile,2015,3148.46,366.69,93.2,0.0,2688.57,2688.57,0.0,0.0,1.52
207,1/4/2015,conventional,Boise,2015,80034.32,44562.12,24964.23,2752.35,7755.62,6064.3,1691.32,0.0,1.01
13961,12/25/2016,organic,Roanoke,2016,3911.18,179.82,2219.18,0.0,1512.18,1475.63,36.55,0.0,1.68
16942,6/18/2017,organic,SanDiego,2017,16862.3,1067.68,8361.69,0.0,7432.93,7400.09,32.84,0.0,1.8
13324,3/27/2016,organic,Nashville,2016,7913.84,795.99,4082.73,0.0,3035.12,1350.0,1685.12,0.0,1.46
8520,2/11/2018,conventional,Boise,2018,93106.27,48308.72,2816.31,10558.83,31422.41,19862.62,11540.14,19.65,1.14
13650,12/18/2016,organic,PhoenixTucson,2016,6977.44,1652.6,2712.82,0.0,2612.02,2609.34,2.68,0.0,1.83
12429,6/12/2016,organic,CincinnatiDayton,2016,21266.49,545.86,10293.17,0.0,10427.46,691.21,9736.25,0.0,1.09
16519,6/11/2017,organic,PhoenixTucson,2017,10265.31,3437.29,3283.35,0.0,3544.67,1695.24,1849.43,0.0,1.94
455,3/29/2015,conventional,Chicago,2015,757271.96,25629.52,545317.99,84865.54,101458.91,97284.77,4163.46,10.68,1.22
2850,3/6/2016,conventional,Albany,2016,90633.66,972.34,74693.31,56.26,14911.75,14476.23,435.52,0.0,1.27
2523,6/21/2015,conventional,StLouis,2015,198137.18,84699.66,38461.41,51.04,74925.07,74925.07,0.0,0.0,1.26
5985,1/8/2017,conventional,California,2017,6653048.21,1988635.39,2569566.25,109029.01,1985817.56,1807926.97,144375.5,33515.09,1.0
13217,4/17/2016,organic,MiamiFtLauderdale,2016,2548.55,1072.9,11.55,0.0,1464.1,1464.1,0.0,0.0,1.57
17106,5/14/2017,organic,SouthCarolina,2017,7927.37,998.2,5280.45,259.53,1389.19,277.31,1111.88,0.0,1.91
7292,5/14/2017,conventional,Orlando,2017,322189.66,203335.76,33864.16,77.22,84912.52,60404.27,24508.25,0.0,1.42
8250,4/16/2017,conventional,Syracuse,2017,75156.9,2160.01,40347.49,18.69,32630.71,29196.51,3434.2,0.0,1.6
7966,8/27/2017,conventional,SouthCarolina,2017,333689.71,155801.96,65899.22,1788.77,110199.76,78518.11,24604.0,7077.65,1.41
15161,1/22/2017,organic,Charlotte,2017,8443.85,92.31,3486.55,448.82,4416.17,3971.5,444.67,0.0,1.48
12296,1/3/2016,organic,California,2016,122089.29,18211.06,66433.31,0.0,37444.92,30530.14,6914.78,0.0,1.43
14201,5/15/2016,organic,Seattle,2016,42825.14,739.57,32468.52,22.47,9594.58,233.22,9361.36,0.0,1.71
2214,5/31/2015,conventional,SanFrancisco,2015,764114.39,192708.56,469208.86,26109.55,76087.42,75077.58,1009.84,0.0,1.29
3179,11/6/2016,conventional,Charlotte,2016,142095.92,36840.74,27501.34,25305.86,52447.98,45861.67,6586.31,0.0,1.57
13177,1/24/2016,organic,Louisville,2016,1929.38,24.57,1229.56,0.0,675.25,216.67,458.58,0.0,1.49
3912,10/2/2016,conventional,LasVegas,2016,246512.99,93430.04,45096.89,5876.68,102109.38,58716.07,43393.31,0.0,1.22
15533,1/15/2017,organic,GrandRapids,2017,1427.36,60.33,973.7,0.0,393.33,393.33,0.0,0.0,1.75
15733,4/9/2017,organic,Houston,2017,40655.85,9013.96,1885.24,0.0,29756.65,27845.57,1911.08,0.0,0.93
15094,4/30/2017,organic,California,2017,199903.62,29040.03,67606.93,7.79,103248.87,99212.47,4036.4,0.0,1.61
13602,11/20/2016,organic,Philadelphia,2016,11621.1,1865.39,4781.58,14.16,4959.97,4760.38,199.59,0.0,1.9
8975,2/18/2018,conventional,SanDiego,2018,447962.28,152250.41,119244.74,18614.87,157852.26,147616.58,7409.57,2826.11,1.23
10259,3/15/2015,organic,LasVegas,2015,4860.39,1974.44,2783.78,0.0,102.17,66.67,35.5,0.0,1.89
14286,9/25/2016,organic,SouthCentral,2016,131608.43,50298.52,6985.47,8.87,74315.57,65470.7,8844.87,0.0,1.15
1167,7/19/2015,conventional,LosAngeles,2015,2614726.11,1801294.72,417289.56,89206.49,306935.34,290890.18,13264.37,2780.79,1.02
8238,7/9/2017,conventional,Syracuse,2017,77529.57,1001.92,45176.42,381.6,30969.63,26802.91,1161.72,3005.0,1.38
12168,6/19/2016,organic,Boston,2016,11590.31,1.21,588.73,0.0,11000.37,9667.8,1332.57,0.0,1.53
7763,6/25/2017,conventional,Sacramento,2017,492249.41,166509.01,261622.93,9937.63,54179.84,52113.51,561.33,1505.0,1.5
4356,3/20/2016,conventional,Northeast,2016,4834759.09,108456.51,3414702.44,79981.32,1231618.82,1171614.36,60004.46,0.0,1.11
2667,9/13/2015,conventional,TotalUS,2015,31245835.65,9875018.48,14888077.69,1118988.92,5363750.56,4072661.53,1226810.47,64278.56,1.03
3222,1/10/2016,conventional,Charlotte,2016,196216.36,21275.55,94804.67,29602.84,50533.3,42015.27,8518.03,0.0,0.95
9018,3/25/2018,conventional,SouthCentral,2018,9010588.32,3999735.71,966589.5,30130.82,4014132.29,3398569.92,546409.74,69152.63,0.7
16347,9/10/2017,organic,NorthernNewEngland,2017,16452.15,4.84,169.28,0.0,16278.03,16278.03,0.0,0.0,1.68
4599,7/17/2016,conventional,Pittsburgh,2016,113655.96,1416.4,54927.04,1132.71,56179.81,39074.78,10590.03,6515.0,1.25
2401,10/25/2015,conventional,Southeast,2015,2211716.76,1278660.6,393459.25,28828.13,510768.78,329672.2,181063.12,33.46,1.16
404,3/22/2015,conventional,Charlotte,2015,182876.15,41638.46,44726.81,37099.23,59411.65,56443.98,2967.67,0.0,1.19
9661,9/13/2015,organic,Columbus,2015,3900.18,639.76,2289.49,0.0,970.93,472.61,498.32,0.0,1.74
9578,4/19/2015,organic,Chicago,2015,27489.48,614.18,25888.63,0.0,986.67,986.67,0.0,0.0,1.55
17537,3/26/2017,organic,West,2017,456645.91,36169.35,51398.72,139.55,368938.29,152159.53,216778.76,0.0,0.9
11829,1/4/2015,organic,TotalUS,2015,612910.15,233286.13,216611.2,4370.99,158641.83,115068.71,43573.12,0.0,1.46
12160,8/14/2016,organic,Boston,2016,7117.91,20.93,589.79,0.0,6507.19,6502.36,4.83,0.0,1.23
13543,1/10/2016,organic,NorthernNewEngland,2016,10525.16,15.92,246.12,0.0,10263.12,10259.79,3.33,0.0,1.66
16687,4/9/2017,organic,Portland,2017,47499.5,2571.34,8188.26,20.45,36719.45,170.92,36548.53,0.0,1.19
17768,1/7/2018,organic,Detroit,2018,23120.43,1649.74,3006.89,0.0,18452.29,16829.87,1622.42,0.0,1.22
7053,11/19/2017,conventional,NewOrleansMobile,2017,207295.0,118191.0,14363.0,1729.0,73013.0,63649.0,8597.0,767.0,1.27
5537,7/3/2016,conventional,West,2016,6817643.13,2313258.79,1738562.93,137804.75,2628016.66,2009090.39,606174.1,12752.17,0.97
2435,3/1/2015,conventional,Southeast,2015,3633174.13,2682065.6,281502.89,19429.67,650175.97,396512.64,253660.35,2.98,1.01
10016,11/15/2015,organic,HartfordSpringfield,2015,2428.95,135.67,2079.43,0.0,213.85,201.54,12.31,0.0,2.23
17342,12/3/2017,organic,Syracuse,2017,4486.61,21.96,134.36,0.0,4330.29,2945.07,1385.22,0.0,1.23
17420,6/11/2017,organic,Tampa,2017,4577.12,933.06,206.39,0.0,3437.67,3434.34,3.33,0.0,1.86
8366,2/5/2017,conventional,TotalUS,2017,61034457.1,22743616.17,20328161.55,1664383.09,16298296.29,12567155.58,3618270.75,112869.96,0.77
15329,11/26/2017,organic,DallasFtWorth,2017,15521.5,3562.36,249.22,0.0,11709.92,11661.84,48.08,0.0,1.65
11895,9/20/2015,organic,WestTexNewMexico,2015,5023.44,896.41,2911.75,0.0,1215.28,1190.0,25.28,0.0,2.19
8865,3/4/2018,conventional,Philadelphia,2018,443651.36,37703.03,231605.34,335.17,174007.82,151599.08,20573.19,1835.55,1.36
15488,11/26/2017,organic,GrandRapids,2017,6128.58,17.36,766.58,0.0,5344.64,5344.64,0.0,0.0,1.3
243,4/26/2015,conventional,Boston,2015,465911.37,3915.3,352464.49,131.46,109400.12,106866.42,2533.7,0.0,1.28
16731,6/11/2017,organic,RaleighGreensboro,2017,13340.43,296.11,5183.19,293.94,7567.19,6798.17,769.02,0.0,2.03
6753,7/16/2017,conventional,LasVegas,2017,299858.79,131681.44,54114.55,6343.2,107719.6,36179.33,71540.27,0.0,1.22
6406,1/29/2017,conventional,GrandRapids,2017,168252.2,1391.78,100681.06,5482.22,60697.14,53182.31,6877.73,637.1,1.29
839,11/8/2015,conventional,HarrisburgScranton,2015,214993.36,27837.88,137670.52,169.5,49315.46,47637.88,1677.58,0.0,1.09
18104,1/7/2018,organic,SanDiego,2018,16746.82,5150.82,9366.31,0.0,2229.69,2229.69,0.0,0.0,2.06
12997,7/10/2016,organic,Jacksonville,2016,3843.3,1452.19,79.88,8.35,2302.88,2302.88,0.0,0.0,1.68
17715,2/11/2018,organic,CincinnatiDayton,2018,10754.39,535.84,3567.35,0.0,6651.2,5192.81,1458.39,0.0,1.59
9768,8/23/2015,organic,Denver,2015,37948.74,12000.67,6027.3,32.35,19888.42,833.33,19055.09,0.0,1.46
965,6/7/2015,conventional,Houston,2015,1172177.72,675888.37,364707.14,3899.67,127682.54,72504.8,55177.74,0.0,0.72
13150,7/31/2016,organic,Louisville,2016,3887.95,2.68,1677.47,0.0,2207.8,676.67,1531.13,0.0,1.3
15980,8/13/2017,organic,Louisville,2017,2741.48,0.0,1252.59,0.0,1488.89,1102.05,386.84,0.0,1.67
3382,12/11/2016,conventional,DallasFtWorth,2016,1121306.38,643580.23,188669.07,3182.11,285874.97,279258.26,2393.13,4223.58,0.69
17478,5/7/2017,organic,TotalUS,2017,1394126.23,172722.76,386288.18,4161.33,830953.96,489455.97,341497.99,0.0,1.57
1324,7/12/2015,conventional,Midsouth,2015,2783554.82,532046.38,1337980.83,205773.72,707753.89,662158.17,44652.53,943.19,1.13
17096,7/23/2017,organic,SouthCarolina,2017,12851.13,92.72,4559.49,113.74,8085.18,7206.04,879.14,0.0,1.81
11272,9/20/2015,organic,SanDiego,2015,10284.23,2634.12,7404.88,0.0,245.23,245.23,0.0,0.0,1.69
2836,6/12/2016,conventional,Albany,2016,111394.5,7531.24,83771.34,81.25,20010.67,18368.49,282.18,1360.0,1.38
5057,9/25/2016,conventional,Seattle,2016,655426.45,101292.91,130310.43,3243.02,420580.09,304494.27,115510.78,575.04,1.03
12756,2/28/2016,organic,GreatLakes,2016,99353.21,10277.19,73062.2,0.0,16013.82,7413.22,8600.6,0.0,1.48
8483,2/18/2018,conventional,Albany,2018,85630.24,5499.73,61661.76,75.0,18393.75,15677.67,2336.08,380.0,1.43
2232,1/25/2015,conventional,SanFrancisco,2015,713523.24,127276.45,481792.41,21293.67,83160.71,82293.47,796.67,70.57,1.21
18247,1/14/2018,organic,WestTexNewMexico,2018,16205.22,1527.63,2981.04,727.01,10969.54,10919.54,50.0,0.0,1.93
17406,9/17/2017,organic,Tampa,2017,1249.75,23.58,40.61,0.0,1185.56,1185.56,0.0,0.0,1.78
2699,2/1/2015,conventional,TotalUS,2015,44655461.51,18933038.04,18956479.74,1381516.11,5384427.62,4216452.03,1121076.47,46899.12,0.89
5933,1/1/2017,conventional,BuffaloRochester,2017,105349.04,1285.48,58531.95,102.52,45429.09,45155.38,255.65,18.06,1.43
7214,11/5/2017,conventional,NorthernNewEngland,2017,288593.62,9954.77,229668.21,1209.71,47760.93,18323.67,29437.26,0.0,1.51
4956,9/4/2016,conventional,SanDiego,2016,550756.68,186260.68,164050.31,12126.32,188319.37,177175.95,10942.03,201.39,1.06
5735,10/1/2017,conventional,BaltimoreWashington,2017,705451.5,57840.63,461605.2,4777.48,181228.19,167895.87,13332.32,0.0,1.59
15941,5/7/2017,organic,LosAngeles,2017,137484.97,12550.12,38336.01,0.0,86598.84,86014.32,584.52,0.0,1.31
12057,8/7/2016,organic,BaltimoreWashington,2016,18071.5,644.21,10561.49,472.39,6393.41,6379.45,13.96,0.0,1.87
7050,12/10/2017,conventional,NewOrleansMobile,2017,251601.16,144316.93,21840.9,1803.0,83640.33,71291.13,11513.64,835.56,1.06
7618,3/19/2017,conventional,RaleighGreensboro,2017,280949.58,67152.77,117247.84,6082.76,90466.21,89175.8,1290.41,0.0,1.39
6693,9/3/2017,conventional,Jacksonville,2017,147242.45,82573.64,14144.89,99.08,50424.84,20452.27,28919.24,1053.33,1.88
6906,8/27/2017,conventional,MiamiFtLauderdale,2017,450204.59,302627.69,49717.5,289.62,97569.78,37812.76,51132.58,8624.44,1.65
13381,2/21/2016,organic,NewOrleansMobile,2016,2500.35,636.08,0.0,0.0,1864.27,1864.27,0.0,0.0,1.54
561,3/15/2015,conventional,Columbus,2015,149884.1,90582.35,27040.2,9632.1,22629.45,18487.57,3462.12,679.76,1.01
11713,3/29/2015,organic,Syracuse,2015,753.78,0.0,126.65,0.0,627.13,627.13,0.0,0.0,1.82
18199,1/14/2018,organic,Syracuse,2018,4343.09,116.19,64.16,0.0,4162.74,1986.09,2176.65,0.0,1.25
4940,12/25/2016,conventional,SanDiego,2016,473730.19,118030.19,191754.65,14438.25,149507.1,125660.66,22080.88,1765.56,0.89
4448,6/12/2016,conventional,Orlando,2016,293811.97,143222.68,64910.71,142.01,85536.57,44014.87,32645.03,8876.67,1.24
6537,8/13/2017,conventional,HartfordSpringfield,2017,263624.63,4240.0,193118.61,164.97,66101.05,49438.96,14192.88,2469.21,1.63
8658,3/25/2018,conventional,GreatLakes,2018,4245947.2,860997.47,1144066.23,459002.28,1781881.22,1397088.59,282886.2,101906.43,1.18
4036,5/15/2016,conventional,Louisville,2016,106278.64,2286.09,62308.98,6837.7,34845.87,12021.77,20894.39,1929.71,0.86
7111,10/15/2017,conventional,NewYork,2017,1176751.31,75694.79,747793.74,632.63,352630.15,319602.75,33027.4,0.0,1.68
337,7/5/2015,conventional,California,2015,6718011.83,3581149.88,2120303.06,254187.47,762371.42,731692.08,27317.19,3362.15,1.12
5419,10/9/2016,conventional,Tampa,2016,337370.09,110106.06,105328.06,119.9,121816.07,53843.03,67973.04,0.0,1.45
7817,6/18/2017,conventional,SanDiego,2017,591731.93,214632.83,163049.23,19625.98,194423.89,189387.0,386.74,4650.15,1.1
109,11/22/2015,conventional,BaltimoreWashington,2015,572019.8,40867.8,386137.78,23343.49,121670.73,119007.61,2663.12,0.0,1.12
10788,1/11/2015,organic,Orlando,2015,1610.6,1290.27,53.66,0.0,266.67,266.67,0.0,0.0,1.92
11006,11/1/2015,organic,Portland,2015,62592.4,1163.61,21981.81,46.41,39400.57,7849.49,31551.08,0.0,0.98
784,11/29/2015,conventional,GreatLakes,2015,2198408.92,318661.4,1199426.12,248818.72,431502.68,328369.47,83149.01,19984.2,1.07
10811,8/2/2015,organic,Philadelphia,2015,5147.5,369.17,1876.62,11.62,2890.09,2890.09,0.0,0.0,1.94
16034,8/6/2017,organic,MiamiFtLauderdale,2017,4140.12,11.67,44.02,0.0,4084.43,4073.33,11.1,0.0,1.5
1836,9/6/2015,conventional,Plains,2015,1714650.22,857114.48,547236.44,15397.86,294901.44,276258.81,17590.29,1052.34,1.12
5085,3/13/2016,conventional,Seattle,2016,712808.08,71766.68,189254.12,10517.64,441269.64,440777.16,139.46,353.02,0.94
16092,7/2/2017,organic,Midsouth,2017,120458.72,2774.67,52195.81,1321.72,64166.52,34038.53,30127.99,0.0,1.78
10123,10/25/2015,organic,Indianapolis,2015,2147.79,227.83,1202.07,0.0,717.89,446.67,271.22,0.0,1.62
11878,1/25/2015,organic,West,2015,166494.38,61454.35,68624.86,749.3,35665.87,9756.03,25909.84,0.0,1.52
8289,7/23/2017,conventional,Tampa,2017,349228.39,238382.27,42528.26,135.9,68181.96,18132.57,43928.28,6121.11,1.42
4056,12/25/2016,conventional,MiamiFtLauderdale,2016,648358.72,257456.07,148591.65,827.53,241483.47,87168.19,154236.11,79.17,0.97
7612,4/30/2017,conventional,RaleighGreensboro,2017,309256.66,87512.66,108724.01,6537.73,106482.26,102811.33,3670.93,0.0,1.44
12960,3/27/2016,organic,Indianapolis,2016,3215.76,101.0,1477.5,0.0,1637.26,663.33,973.93,0.0,1.4
7269,10/22/2017,conventional,Orlando,2017,328326.17,214853.32,27481.16,613.49,85378.2,50444.75,34933.45,0.0,1.56
11833,12/6/2015,organic,West,2015,139927.17,22320.01,49596.02,61.25,67949.89,3623.32,64326.57,0.0,1.39
2260,7/12/2015,conventional,Seattle,2015,597860.19,261870.98,204320.97,12664.42,119003.82,117906.6,980.83,116.39,1.14
15880,7/2/2017,organic,LasVegas,2017,11015.7,1952.02,2930.62,0.0,6133.06,4359.15,1773.91,0.0,1.73
7325,10/1/2017,conventional,Philadelphia,2017,389987.92,45811.04,195759.47,255.36,148162.05,133321.24,14840.81,0.0,1.62
16135,9/10/2017,organic,Nashville,2017,9103.32,94.38,2782.28,0.0,6226.66,2482.62,3744.04,0.0,2.15
9106,2/25/2018,conventional,West,2018,7408451.31,2154414.96,1740237.35,117766.27,3396032.73,1164132.42,2205336.14,26564.17,0.97
16274,1/22/2017,organic,NewYork,2017,49056.11,6679.14,21232.95,1039.74,20104.28,19821.48,282.8,0.0,2.05
11410,1/25/2015,organic,Seattle,2015,29354.75,6876.29,17363.12,7.33,5108.01,453.33,4654.68,0.0,1.7
17582,5/7/2017,organic,WestTexNewMexico,2017,16697.08,3986.53,4485.2,22.54,8202.81,5333.82,2868.99,0.0,1.74
4640,10/2/2016,conventional,Plains,2016,1352081.51,598896.04,378848.86,5181.48,369155.13,314559.24,49039.38,5556.51,1.37
3069,12/18/2016,conventional,BuffaloRochester,2016,85340.08,1276.16,52115.34,60.37,31888.21,29696.94,2191.27,0.0,1.36
6750,8/6/2017,conventional,LasVegas,2017,283779.47,114985.35,53059.42,7126.4,108608.3,49026.33,59193.02,388.95,1.3
5317,9/25/2016,conventional,StLouis,2016,165887.64,89034.64,12643.89,25.48,64183.63,38326.05,25857.58,0.0,1.06
11406,2/22/2015,organic,Seattle,2015,35183.3,13839.32,20645.52,83.21,615.25,0.0,615.25,0.0,1.5
9069,3/4/2018,conventional,Syracuse,2018,89700.27,7365.24,50900.41,81.18,31353.44,9960.15,21393.29,0.0,1.1
13241,10/30/2016,organic,Midsouth,2016,97718.73,2087.74,57325.02,3894.51,34411.46,29295.75,5115.71,0.0,1.78
10511,5/10/2015,organic,Nashville,2015,9466.36,369.96,4669.91,18.16,4408.33,750.0,3658.33,0.0,1.13
8206,2/12/2017,conventional,StLouis,2017,153045.63,60850.47,12420.08,163.12,79611.96,79283.25,98.15,230.56,0.99
783,12/6/2015,conventional,GreatLakes,2015,2981347.2,401676.14,1680591.43,398320.64,500758.99,325850.0,124306.44,50602.55,1.0
6972,5/28/2017,conventional,Midsouth,2017,3380161.63,750399.45,1352784.05,35153.44,1241824.69,1002083.8,230580.56,9160.33,1.38
9506,9/6/2015,organic,Charlotte,2015,4259.63,250.27,1331.42,1018.35,1659.59,1659.59,0.0,0.0,2.01
6105,10/8/2017,conventional,CincinnatiDayton,2017,170365.8,6658.45,50674.92,588.2,112444.23,19544.28,92860.76,39.19,1.9
691,9/13/2015,conventional,Detroit,2015,401472.63,151274.05,73572.68,106452.77,70173.13,51456.91,1329.55,17386.67,1.03
932,1/25/2015,conventional,HartfordSpringfield,2015,241174.11,4305.86,150044.76,231.99,86591.5,79402.42,7189.08,0.0,1.35
3354,6/26/2016,conventional,Columbus,2016,201923.72,99552.74,37201.77,10852.83,54316.38,45985.7,4847.72,3482.96,1.04
17045,7/9/2017,organic,Seattle,2017,40058.59,1411.24,16587.8,24.73,22034.82,281.45,21753.37,0.0,2.12
1089,1/18/2015,conventional,Jacksonville,2015,99496.16,57479.2,16442.71,513.69,25060.56,14684.19,10376.37,0.0,1.27
12280,4/24/2016,organic,California,2016,208434.9,18891.23,100137.58,3.04,89403.05,89320.2,82.85,0.0,1.39
3444,10/2/2016,conventional,Denver,2016,677071.87,124504.59,172835.74,16447.85,363283.69,76212.51,287071.18,0.0,1.18
1925,12/20/2015,conventional,RaleighGreensboro,2015,189584.22,43169.56,78630.35,20913.36,46870.95,46617.48,253.47,0.0,0.98
10764,6/28/2015,organic,Orlando,2015,2804.46,2068.27,79.52,0.0,656.67,656.67,0.0,0.0,1.87
16745,3/5/2017,organic,RaleighGreensboro,2017,7644.87,310.11,3737.67,220.26,3376.83,1772.87,1603.96,0.0,1.54
6561,2/26/2017,conventional,HartfordSpringfield,2017,259318.66,11083.37,193422.27,350.5,54462.52,51393.77,3068.75,0.0,1.59
17930,2/18/2018,organic,NewOrleansMobile,2018,9239.49,290.98,188.28,0.0,8760.23,8156.67,603.56,0.0,1.39
8056,12/17/2017,conventional,Southeast,2017,3751927.63,2208030.81,341376.69,15056.86,1187463.27,728007.45,442491.14,16964.68,1.01
15667,7/9/2017,organic,HartfordSpringfield,2017,11842.55,43.92,4563.44,8.23,7226.96,7226.96,0.0,0.0,2.67
2361,8/2/2015,conventional,SouthCentral,2015,5142335.64,3276776.23,1254704.28,24749.12,586106.01,492930.71,93162.67,12.63,0.9
10550,8/9/2015,organic,NewOrleansMobile,2015,2448.58,383.64,255.57,0.0,1809.37,1809.37,0.0,0.0,1.69
6168,7/30/2017,conventional,Columbus,2017,170792.43,87045.12,20908.3,1144.77,61694.24,52483.91,8793.66,416.67,1.22
14510,6/5/2016,organic,Syracuse,2016,3058.43,0.0,106.83,0.0,2951.6,1899.83,1051.77,0.0,1.42
18248,1/7/2018,organic,WestTexNewMexico,2018,17489.58,2894.77,2356.13,224.53,12014.15,11988.14,26.01,0.0,1.62
6411,12/31/2017,conventional,GreatLakes,2017,4398887.92,1092011.22,1740608.6,364049.45,1202218.65,927628.08,231172.74,43417.83,0.92
15940,5/14/2017,organic,LosAngeles,2017,105965.36,11688.57,28601.28,0.0,65675.51,64377.29,1298.22,0.0,1.4
1494,4/5/2015,conventional,NewYork,2015,1244324.47,20081.53,909664.31,2011.01,312567.62,252129.98,59757.08,680.56,1.41
11978,2/14/2016,organic,Albany,2016,1247.8,50.84,263.65,0.0,933.31,933.31,0.0,0.0,1.81
16569,7/2/2017,organic,Pittsburgh,2017,8002.38,865.57,36.1,0.0,7100.71,7094.05,6.66,0.0,1.58
941,11/22/2015,conventional,Houston,2015,913002.96,402191.51,391110.76,6924.43,112776.26,70785.25,41991.01,0.0,0.73
8605,2/4/2018,conventional,Columbus,2018,333398.29,108554.97,61748.67,5329.61,157765.04,117614.03,39927.3,223.71,0.73
15723,6/18/2017,organic,Houston,2017,42161.02,9790.57,82.0,0.0,32288.45,32199.56,88.89,0.0,1.03
14283,10/16/2016,organic,SouthCentral,2016,144647.08,53252.15,4007.89,0.0,87387.04,68709.98,18677.06,0.0,1.09
2408,9/6/2015,conventional,Southeast,2015,3750714.49,2175323.4,650270.11,43507.27,881613.71,472040.07,409430.79,142.85,0.97
9631,4/12/2015,organic,CincinnatiDayton,2015,13607.83,272.3,12556.25,0.0,779.28,688.44,90.84,0.0,1.49
7879,4/16/2017,conventional,SanFrancisco,2017,670281.46,229167.93,349889.27,4769.39,86454.87,84582.49,250.71,1621.67,1.69
14749,11/5/2017,organic,Albany,2017,3425.86,3.56,64.14,0.0,3358.16,3358.16,0.0,0.0,1.5
11364,12/13/2015,organic,Seattle,2015,53336.93,617.87,19731.07,34.72,32953.27,51.55,32901.72,0.0,1.03
597,7/5/2015,conventional,DallasFtWorth,2015,1320696.13,835215.79,334916.29,5388.47,145175.58,139670.52,5497.78,7.28,0.83
16105,4/2/2017,organic,Midsouth,2017,129499.97,4585.96,58475.37,2227.82,64210.82,36145.43,28065.39,0.0,1.67
12233,3/20/2016,organic,BuffaloRochester,2016,6490.21,13.26,180.62,0.0,6296.33,3454.51,2841.82,0.0,1.48
9772,7/26/2015,organic,Denver,2015,28284.23,9085.94,2619.52,21.94,16556.83,248.46,16308.37,0.0,1.43
12789,7/10/2016,organic,HarrisburgScranton,2016,7574.45,302.48,199.16,203.97,6868.84,6723.47,145.37,0.0,1.88
10777,3/29/2015,organic,Orlando,2015,2718.72,2081.41,47.36,0.0,589.95,589.95,0.0,0.0,1.89
17525,6/18/2017,organic,West,2017,215628.86,37443.94,48934.78,159.38,129090.76,31850.15,97240.61,0.0,1.68
5002,10/16/2016,conventional,SanFrancisco,2016,590535.06,141221.01,362859.22,7787.57,78667.26,74349.15,3259.5,1058.61,1.99
11807,6/7/2015,organic,TotalUS,2015,640448.59,200483.4,264482.87,6286.15,169196.17,109859.75,59336.42,0.0,1.67
14771,6/4/2017,organic,Albany,2017,3771.39,54.47,352.85,0.0,3364.07,3364.07,0.0,0.0,1.63
10341,8/16/2015,organic,Louisville,2015,2495.29,3.82,1866.45,0.0,625.02,243.33,381.69,0.0,1.52
14379,12/11/2016,organic,Spokane,2016,2137.62,10.17,598.15,0.0,1529.3,31.65,1497.65,0.0,1.38
9619,7/5/2015,organic,CincinnatiDayton,2015,15077.62,250.57,12154.91,0.0,2672.14,640.0,2032.14,0.0,1.59
10945,1/4/2015,organic,Pittsburgh,2015,1339.36,754.0,124.33,0.0,461.03,447.01,14.02,0.0,1.81
115,10/11/2015,conventional,BaltimoreWashington,2015,653560.14,34707.02,392008.6,58490.1,168354.42,163669.01,4685.41,0.0,1.24
10828,4/5/2015,organic,Philadelphia,2015,4382.72,390.07,1248.73,26.69,2717.23,2717.23,0.0,0.0,1.81
8685,3/4/2018,conventional,HartfordSpringfield,2018,432095.58,15615.69,347650.33,272.95,68556.61,64366.72,3032.11,1157.78,1.17
12768,12/4/2016,organic,HarrisburgScranton,2016,5955.63,276.69,184.01,11.25,5483.68,5483.68,0.0,0.0,2.01
4389,7/31/2016,conventional,NorthernNewEngland,2016,435129.36,79930.71,239638.1,6617.7,108942.85,107009.09,3.76,1930.0,1.49
13264,5/22/2016,organic,Midsouth,2016,109558.94,3602.18,44760.46,1981.25,59215.05,35153.47,24061.58,0.0,1.37
2068,3/22/2015,conventional,Roanoke,2015,126535.83,51584.99,46659.25,102.64,28188.95,28170.39,15.56,3.0,1.09
862,5/31/2015,conventional,HarrisburgScranton,2015,260058.34,42572.44,125281.89,804.17,91399.84,87880.67,2341.73,1177.44,1.22
13980,8/14/2016,organic,Roanoke,2016,9274.44,100.12,3811.78,0.0,5362.54,1314.48,4048.06,0.0,1.26
17071,1/8/2017,organic,Seattle,2017,50943.98,537.65,11503.88,6.58,38895.87,583.94,38311.93,0.0,1.23
12608,1/3/2016,organic,Denver,2016,30514.09,7003.19,4240.7,51.8,19218.4,368.17,18850.23,0.0,1.05
7196,3/5/2017,conventional,Northeast,2017,4468555.34,237802.16,3228538.95,63971.19,938243.04,877970.46,56847.58,3425.0,1.34
14815,8/6/2017,organic,Atlanta,2017,13998.62,451.86,5641.82,0.0,7904.94,5936.32,1968.62,0.0,1.97
10364,3/8/2015,organic,Louisville,2015,1541.79,2.38,912.87,0.0,626.54,532.64,93.9,0.0,1.72
13098,7/31/2016,organic,LosAngeles,2016,115313.85,14654.26,28278.26,1.6,72379.73,70166.73,2213.0,0.0,1.21
3071,12/4/2016,conventional,BuffaloRochester,2016,72203.16,960.31,54243.42,22.85,16976.58,15683.05,1256.03,37.5,1.66
1574,9/20/2015,conventional,NorthernNewEngland,2015,322729.94,2413.3,270775.68,291.7,49249.26,48164.82,1084.44,0.0,1.17
14734,2/14/2016,organic,WestTexNewMexico,2016,15805.58,1483.39,4975.83,38.02,9308.34,6330.13,2978.21,0.0,1.39
17418,6/25/2017,organic,Tampa,2017,6199.5,488.9,2780.41,0.0,2930.19,2923.52,6.67,0.0,2.09
6362,12/3/2017,conventional,GrandRapids,2017,301527.0,2268.0,182507.0,65476.0,51277.0,14813.0,26632.0,9831.0,0.99
3937,4/10/2016,conventional,LasVegas,2016,354098.37,151862.79,91833.73,6305.12,104096.73,48046.6,56050.13,0.0,0.87
1341,3/15/2015,conventional,Midsouth,2015,2462108.11,570576.91,1066470.63,210234.78,614825.79,578103.5,34641.93,2080.36,1.19
2712,11/1/2015,conventional,West,2015,5024858.14,1815066.15,1937479.91,132883.59,1139428.49,717110.41,421675.08,643.0,0.9
3115,1/31/2016,conventional,BuffaloRochester,2016,164453.65,2015.15,81676.45,88.82,80673.23,79715.45,957.78,0.0,1.21
5425,8/28/2016,conventional,Tampa,2016,378817.72,177292.69,99784.11,62.59,101678.33,78855.06,20239.66,2583.61,1.14
11695,8/2/2015,organic,Syracuse,2015,894.87,5.0,131.08,0.0,758.79,755.46,3.33,0.0,1.98
15761,10/1/2017,organic,Indianapolis,2017,7780.31,154.85,1188.01,0.0,6376.61,4453.01,1923.6,0.0,1.68
4413,2/14/2016,conventional,NorthernNewEngland,2016,456439.67,4686.98,316152.87,41374.9,94224.92,91688.51,2536.41,0.0,0.99
9409,7/19/2015,organic,BuffaloRochester,2015,1728.99,56.05,123.39,0.0,1549.55,1549.55,0.0,0.0,1.91
10626,2/22/2015,organic,NewYork,2015,16620.69,3471.14,9549.06,43.85,3556.64,3556.64,0.0,0.0,2.21
12098,10/23/2016,organic,Boise,2016,1047.82,0.0,396.32,0.0,651.5,216.67,434.83,0.0,1.76
9547,11/22/2015,organic,Chicago,2015,24095.66,716.68,23255.65,0.0,123.33,120.0,3.33,0.0,1.57
4419,1/3/2016,conventional,NorthernNewEngland,2016,553828.14,3485.03,492915.32,17575.69,39852.1,39852.1,0.0,0.0,0.96
12365,9/4/2016,organic,Chicago,2016,29892.84,91.7,27757.81,0.0,2043.33,2043.33,0.0,0.0,2.08
6691,9/17/2017,conventional,Jacksonville,2017,141725.96,82016.13,13544.55,24.82,46140.46,8860.73,37219.73,60.0,1.73
12763,1/10/2016,organic,GreatLakes,2016,112034.52,19744.83,72015.81,0.0,20273.88,9843.3,10430.58,0.0,1.48
4029,7/3/2016,conventional,Louisville,2016,106600.14,2398.42,64636.42,1810.55,37754.75,18047.85,15818.57,3888.33,1.0
16487,1/15/2017,organic,Philadelphia,2017,11538.53,1218.57,3918.11,15.5,6386.35,6361.46,24.89,0.0,2.0
15487,12/3/2017,organic,GrandRapids,2017,6184.48,14.31,758.19,0.0,5411.98,5411.98,0.0,0.0,1.31
3886,4/3/2016,conventional,Jacksonville,2016,181662.16,84765.99,27201.22,149.61,69545.34,27121.05,42424.29,0.0,1.01
8702,1/28/2018,conventional,Houston,2018,1647858.32,832418.81,103716.17,17666.27,694057.07,609576.26,84377.48,103.33,0.71
7533,10/29/2017,conventional,Portland,2017,520629.7,152604.62,128666.04,15431.79,223927.25,175517.41,47898.67,511.17,1.29
17351,10/1/2017,organic,Syracuse,2017,6358.44,127.81,61.21,0.0,6169.42,6169.42,0.0,0.0,1.41
31,5/24/2015,conventional,Albany,2015,101470.91,680.27,71376.81,58.7,29355.13,28761.81,593.32,0.0,1.19
17053,5/14/2017,organic,Seattle,2017,49291.33,1601.12,13061.38,41.19,34587.64,1325.19,33262.45,0.0,1.62
12253,10/30/2016,organic,California,2016,96095.1,17620.85,52989.92,1.54,25482.79,17096.29,8386.5,0.0,2.49
3470,4/3/2016,conventional,Denver,2016,829424.24,153221.66,209188.36,25632.09,441382.13,39142.16,402239.97,0.0,0.83
16503,10/1/2017,organic,PhoenixTucson,2017,11071.7,2624.47,142.4,0.0,8304.83,8270.68,34.15,0.0,1.8
7233,6/25/2017,conventional,NorthernNewEngland,2017,359321.55,8947.03,270962.51,13004.97,66407.04,28816.42,33800.62,3790.0,1.62
17635,1/14/2018,organic,BaltimoreWashington,2018,66149.27,1264.25,10025.87,105.72,54753.43,54746.77,6.66,0.0,1.39
936,12/27/2015,conventional,Houston,2015,944506.54,389773.22,288003.62,126150.81,140578.89,73711.94,36493.62,30373.33,0.78
481,9/27/2015,conventional,CincinnatiDayton,2015,202012.62,2220.62,138937.95,11725.37,49128.68,12344.28,34341.61,2442.79,1.08
7138,4/9/2017,conventional,NewYork,2017,1277721.97,37746.37,775729.89,2839.8,461405.91,407168.08,51164.8,3073.03,1.75
15771,7/23/2017,organic,Indianapolis,2017,10430.79,102.46,2950.41,0.0,7360.84,2825.97,4534.87,0.0,1.6
5300,1/24/2016,conventional,Spokane,2016,89537.48,14122.5,29929.21,2793.05,42692.72,42637.23,17.07,38.42,0.97
480,10/4/2015,conventional,CincinnatiDayton,2015,235243.88,2132.57,157237.69,11767.9,64105.72,16488.06,45980.45,1637.21,0.93
2366,6/28/2015,conventional,SouthCentral,2015,6024103.65,3656335.59,1416248.77,81756.0,869763.29,678138.24,191572.72,52.33,0.77
14310,4/10/2016,organic,SouthCentral,2016,91639.0,29757.15,7403.82,8.52,54469.51,41421.13,13048.38,0.0,1.21
16614,8/27/2017,organic,Plains,2017,60468.47,1074.2,22609.26,1121.4,35663.61,25961.28,9697.03,5.3,2.01
4338,7/24/2016,conventional,Northeast,2016,3834290.51,220814.35,2172523.13,63713.79,1377239.24,1287855.02,36043.62,53340.6,1.54
7175,7/30/2017,conventional,Northeast,2017,4018833.97,232617.59,2705082.88,15289.08,1065844.42,931973.3,119001.73,14869.39,1.49
61,10/25/2015,conventional,Atlanta,2015,358478.08,236814.29,64607.97,304.36,56751.46,31826.88,24924.58,0.0,1.09
11852,7/26/2015,organic,West,2015,159233.08,60875.67,63812.49,130.63,34414.29,2726.04,31688.25,0.0,1.86
12442,3/13/2016,organic,CincinnatiDayton,2016,13252.99,308.89,8663.98,0.0,4280.12,540.0,3740.12,0.0,1.25
12690,6/5/2016,organic,GrandRapids,2016,3011.11,55.96,2281.21,0.0,673.94,526.67,147.27,0.0,1.28
7602,7/9/2017,conventional,RaleighGreensboro,2017,309542.11,92214.73,91091.46,5985.39,120250.53,113413.21,1835.65,5001.67,1.25
11390,6/14/2015,organic,Seattle,2015,31901.63,10611.58,20743.71,197.26,349.08,0.0,349.08,0.0,2.03
14951,1/8/2017,organic,Boise,2017,4137.35,3.0,585.08,0.0,3549.27,632.37,2916.9,0.0,1.04
7013,8/20/2017,conventional,Nashville,2017,261757.88,114191.45,37848.66,52.6,109665.17,90141.14,17632.7,1891.33,1.07
15521,4/9/2017,organic,GrandRapids,2017,2038.99,43.45,1224.09,0.0,771.45,599.98,171.47,0.0,2.0
10437,10/11/2015,organic,Midsouth,2015,60162.15,2195.42,30952.79,3637.71,23376.23,11437.45,11938.78,0.0,1.53
14661,7/10/2016,organic,West,2016,226554.8,47697.0,78885.22,81.91,99890.67,60450.95,39439.72,0.0,1.54
234,6/28/2015,conventional,Boston,2015,560494.92,4688.28,403230.6,9120.3,143455.74,142574.63,881.11,0.0,1.25
12639,5/29/2016,organic,Detroit,2016,19412.28,634.9,11896.25,0.0,6881.13,622.9,6258.23,0.0,1.41
89,4/12/2015,conventional,Atlanta,2015,451101.89,377578.48,22419.95,219.14,50884.32,25833.07,25051.25,0.0,0.99
8555,2/18/2018,conventional,California,2018,6379219.83,2086478.7,2413234.64,114573.33,1764933.16,1640897.04,47009.82,77026.3,1.1
3008,2/21/2016,conventional,Boise,2016,93951.14,37807.51,9084.55,4890.81,42168.27,42111.91,50.05,6.31,0.74
12720,11/6/2016,organic,GreatLakes,2016,175323.06,3560.85,63234.05,0.0,108528.16,25403.29,83124.87,0.0,1.25
8616,2/11/2018,conventional,DallasFtWorth,2018,1553404.16,768415.85,212945.5,5327.13,566715.68,461849.3,87861.7,17004.68,0.72
4826,3/6/2016,conventional,RichmondNorfolk,2016,255419.61,69078.97,117735.27,7265.87,61339.5,61329.85,9.65,0.0,0.99
7508,4/16/2017,conventional,Plains,2017,1808002.16,776378.88,497717.36,7828.86,526077.06,500350.57,5479.2,20247.29,1.35
7491,8/13/2017,conventional,Plains,2017,1739844.71,649275.23,609832.36,6243.42,474493.7,424441.48,35663.55,14388.67,1.43
11371,10/25/2015,organic,Seattle,2015,25757.73,3749.12,11950.72,63.86,9994.03,647.47,9346.56,0.0,1.74
15143,5/28/2017,organic,Charlotte,2017,8254.68,313.55,5326.85,398.1,2216.18,1790.08,426.1,0.0,2.5
6247,1/29/2017,conventional,DallasFtWorth,2017,1306293.11,789341.03,172742.07,36048.34,308161.67,264359.46,43743.14,59.07,0.73
2854,2/7/2016,conventional,Albany,2016,169614.01,2031.67,157271.87,109.88,10200.59,9349.67,850.92,0.0,1.07
17574,7/16/2017,organic,WestTexNewMexico,2017,19126.81,1763.86,4382.01,2211.74,10769.2,10652.21,116.99,0.0,1.6
13782,6/5/2016,organic,Plains,2016,54947.33,5202.16,26660.75,3345.5,19738.92,14844.01,4894.91,0.0,1.68
7507,4/23/2017,conventional,Plains,2017,2143445.39,1115172.82,403864.38,6655.98,617752.21,606147.7,8038.24,3566.27,1.18
7725,3/12/2017,conventional,Roanoke,2017,143644.79,31344.32,50614.07,161.29,61525.11,59939.46,1585.65,0.0,1.26
15001,1/29/2017,organic,Boston,2017,15270.59,8.37,1127.0,0.0,14135.22,13878.77,256.45,0.0,1.9
14110,2/14/2016,organic,SanDiego,2016,14114.3,667.06,9489.39,7.99,3949.86,670.13,3279.73,0.0,1.42
8258,2/19/2017,conventional,Syracuse,2017,61608.13,831.96,44732.35,6.0,16037.82,15679.21,358.61,0.0,1.71
14157,3/20/2016,organic,SanFrancisco,2016,24714.55,1130.34,21871.99,0.0,1712.22,1712.22,0.0,0.0,2.33
1830,10/18/2015,conventional,Plains,2015,1368887.69,492966.35,588304.97,14931.07,272685.3,257340.06,13759.12,1586.12,1.12
11661,3/29/2015,organic,StLouis,2015,3137.41,1054.01,2013.4,0.0,70.0,70.0,0.0,0.0,2.09
17716,2/4/2018,organic,CincinnatiDayton,2018,11196.3,628.58,4438.31,0.0,6129.41,4339.23,1790.18,0.0,1.69
13948,3/27/2016,organic,RichmondNorfolk,2016,9029.13,184.98,3008.88,224.62,5610.65,2487.03,3123.62,0.0,1.14
4127,8/14/2016,conventional,Midsouth,2016,2901786.65,666957.64,1211099.91,107539.52,916189.58,825797.1,87262.48,3130.0,1.29
16597,12/24/2017,organic,Plains,2017,53663.33,2437.98,17137.62,29.27,34058.46,22547.68,11499.94,10.84,1.73
1364,10/4/2015,conventional,Nashville,2015,157490.03,78331.45,30106.11,6363.08,42689.39,26267.85,16376.41,45.13,0.96
4430,10/16/2016,conventional,Orlando,2016,311363.97,104391.1,87927.74,151.73,118893.4,24825.29,94068.11,0.0,1.23
13651,12/11/2016,organic,PhoenixTucson,2016,8087.23,1880.06,3240.23,0.0,2966.94,2915.48,51.46,0.0,1.83
7681,1/8/2017,conventional,RichmondNorfolk,2017,275129.35,91466.86,106264.62,3253.48,74144.39,73168.4,975.99,0.0,1.18
15071,10/8/2017,organic,California,2017,124505.87,26222.41,53539.49,0.0,44743.97,44692.13,51.84,0.0,2.17
16526,4/23/2017,organic,PhoenixTucson,2017,13678.61,3557.81,6186.19,0.0,3934.61,1470.08,2464.53,0.0,1.67
6929,3/19/2017,conventional,MiamiFtLauderdale,2017,520937.75,297627.53,79475.12,350.68,143484.42,80525.62,62486.58,472.22,1.62
15267,1/22/2017,organic,CincinnatiDayton,2017,7209.5,235.68,4884.31,0.0,2089.51,694.68,1394.83,0.0,1.58
16808,12/31/2017,organic,Roanoke,2017,5756.97,147.66,1513.56,0.0,4095.75,3747.09,348.66,0.0,1.5
7078,5/28/2017,conventional,NewOrleansMobile,2017,293608.21,182795.19,30514.83,267.0,80031.19,55454.81,10461.38,14115.0,1.39
222,9/20/2015,conventional,Boston,2015,498640.23,4376.74,398673.48,418.46,95171.55,91612.66,3558.89,0.0,1.15
17660,1/7/2018,organic,Boston,2018,30096.0,14.46,2704.48,0.0,27377.06,25121.53,2255.53,0.0,1.91
8480,3/11/2018,conventional,Albany,2018,144648.75,15823.35,110950.68,70.0,17804.72,14480.52,3033.09,291.11,1.12
10876,5/3/2015,organic,PhoenixTucson,2015,17519.51,12879.51,2627.53,0.0,2012.47,1073.33,939.14,0.0,1.4
3882,5/1/2016,conventional,Jacksonville,2016,370646.01,169412.4,70592.24,248.56,130392.81,37625.8,92767.01,0.0,0.68
376,10/4/2015,conventional,Charlotte,2015,146737.74,23648.94,44671.1,40366.93,38050.77,30388.81,7661.96,0.0,1.22
4922,5/1/2016,conventional,Sacramento,2016,481861.11,158376.45,251468.09,16678.02,55338.55,54906.9,106.65,325.0,1.06
9572,5/31/2015,organic,Chicago,2015,18625.81,599.1,17156.71,0.0,870.0,870.0,0.0,0.0,1.85
13563,8/21/2016,organic,Orlando,2016,6359.75,2642.82,176.93,0.0,3540.0,3503.33,36.67,0.0,1.85
15543,11/12/2017,organic,GreatLakes,2017,159071.48,3624.05,45966.15,0.0,109173.25,96907.0,12266.25,0.0,1.64
15034,6/18/2017,organic,BuffaloRochester,2017,5445.57,28.33,544.31,0.0,4872.93,830.0,4042.93,0.0,2.54
15690,1/29/2017,organic,HartfordSpringfield,2017,9412.37,96.15,3494.43,9.62,5812.17,5602.31,209.86,0.0,2.43
2462,8/23/2015,conventional,Spokane,2015,84333.73,34441.25,35454.67,2497.82,11939.99,11869.39,70.6,0.0,1.08
8907,1/21/2018,conventional,Plains,2018,2208596.12,1051836.46,479599.9,7659.28,669500.48,562989.08,106461.22,50.18,1.18
17626,3/18/2018,organic,BaltimoreWashington,2018,45505.0,2132.2,6130.5,76.41,37165.89,37157.4,8.49,0.0,1.41
2560,10/4/2015,conventional,Syracuse,2015,41904.06,1777.42,22698.79,10.41,17417.44,16884.11,533.33,0.0,1.34
14808,9/24/2017,organic,Atlanta,2017,18912.3,507.34,5068.56,0.0,13336.4,4252.99,9083.41,0.0,2.56
12006,7/31/2016,organic,Atlanta,2016,14463.16,2799.3,5878.73,0.0,5785.13,1371.57,4413.56,0.0,1.62
4840,11/27/2016,conventional,Roanoke,2016,82819.13,23710.29,23786.95,86.27,35235.62,34948.95,286.67,0.0,1.31
17180,12/24/2017,organic,Southeast,2017,90080.71,1409.87,16980.39,96.76,71593.69,63498.43,8095.26,0.0,1.57
2012,4/19/2015,conventional,RichmondNorfolk,2015,231641.21,75898.29,91143.24,10864.49,53735.19,53008.05,727.14,0.0,1.1
1291,3/1/2015,conventional,MiamiFtLauderdale,2015,647014.16,484615.92,60307.81,41.65,102048.78,45516.03,56532.75,0.0,1.01
12592,4/24/2016,organic,Denver,2016,229646.05,62551.8,37420.77,124.69,129548.79,121358.4,8190.39,0.0,0.74
3768,7/10/2016,conventional,Houston,2016,1101543.61,607069.9,208421.56,41628.96,244423.19,201545.27,39452.64,3425.28,0.89
7368,12/10/2017,conventional,PhoenixTucson,2017,1222641.23,731583.95,200595.47,10237.88,280223.93,199484.52,77062.75,3676.66,0.64
15752,12/3/2017,organic,Indianapolis,2017,8244.23,186.51,1155.5,0.0,6891.74,5247.5,1644.24,0.0,1.42
14594,10/23/2016,organic,TotalUS,2016,699763.35,131203.12,241758.21,4363.02,322439.0,168962.6,153476.4,0.0,1.63
8279,10/1/2017,conventional,Tampa,2017,298663.48,184126.8,34452.35,47.63,80036.7,52502.99,27533.71,0.0,1.96
9468,5/31/2015,organic,California,2015,119999.12,52846.87,53628.31,0.0,13523.94,13523.94,0.0,0.0,1.5
17822,2/18/2018,organic,Houston,2018,31029.02,6697.58,149.14,0.0,24182.3,24082.3,100.0,0.0,1.41
2013,4/12/2015,conventional,RichmondNorfolk,2015,213032.44,60609.49,96301.96,9863.28,46257.71,44510.63,1747.08,0.0,1.11
17060,3/26/2017,organic,Seattle,2017,117379.74,1221.44,13622.19,6.8,102529.31,456.23,102073.08,0.0,0.7
5074,5/29/2016,conventional,Seattle,2016,771235.53,92529.88,210394.57,10676.49,457634.59,443121.96,14344.74,167.89,0.87
14925,7/9/2017,organic,Boise,2017,3526.39,60.34,767.31,0.0,2698.74,504.14,2194.6,0.0,1.58
16395,10/15/2017,organic,Orlando,2017,3824.55,175.45,1228.12,0.0,2420.98,1696.66,724.32,0.0,2.87
7847,11/26/2017,conventional,SanFrancisco,2017,630939.0,166448.0,359471.0,2154.0,102865.0,100099.0,60.0,2706.0,1.52
14370,2/14/2016,organic,Southeast,2016,39730.5,14094.73,7433.77,388.89,17813.11,15792.13,2020.98,0.0,1.57
1141,1/18/2015,conventional,LasVegas,2015,233186.09,100191.96,94930.69,4887.89,33175.55,32897.59,277.96,0.0,1.06
13089,10/2/2016,organic,LosAngeles,2016,76112.99,10357.01,22863.79,3.17,42889.02,37434.0,5455.02,0.0,1.52
14818,7/16/2017,organic,Atlanta,2017,14396.43,471.9,7657.36,0.0,6267.17,2880.81,3386.36,0.0,1.89
12460,11/6/2016,organic,Columbus,2016,16601.25,537.42,2897.13,0.0,13166.7,2262.47,10904.23,0.0,0.89
145,3/15/2015,conventional,BaltimoreWashington,2015,693698.13,53400.14,395837.01,46596.22,197864.76,193130.9,4733.86,0.0,1.24
7920,7/9/2017,conventional,Seattle,2017,905064.3,186651.37,182881.1,1023.68,534508.15,534148.07,34.7,325.38,1.0
16322,2/26/2017,organic,Northeast,2017,182655.98,22185.72,70918.22,161.59,89390.45,86833.66,2556.79,0.0,1.82
4729,1/17/2016,conventional,Portland,2016,731385.02,91788.6,249094.94,16915.12,373586.36,366756.26,6677.6,152.5,0.87
3043,6/19/2016,conventional,Boston,2016,649660.14,10851.29,456521.61,38655.07,143632.17,141650.87,141.3,1840.0,1.32
14215,2/7/2016,organic,Seattle,2016,33199.26,557.91,13292.78,29.22,19319.35,7549.44,11769.91,0.0,1.26
15679,4/16/2017,organic,HartfordSpringfield,2017,26638.93,997.33,18975.35,5.51,6660.74,6618.65,42.09,0.0,2.0
10919,7/5/2015,organic,Pittsburgh,2015,1383.67,751.58,204.51,0.0,427.58,423.79,3.79,0.0,1.83
10074,10/4/2015,organic,Houston,2015,10800.6,6511.05,101.39,0.0,4188.16,4188.16,0.0,0.0,1.48
543,7/19/2015,conventional,Columbus,2015,159137.17,75080.98,33397.18,24209.42,26449.59,21845.65,2442.62,2161.32,1.05
14652,9/11/2016,organic,West,2016,197265.79,43258.13,39127.68,77.84,114802.14,46197.11,68605.03,0.0,1.48
5569,11/20/2016,conventional,WestTexNewMexico,2016,670051.41,407045.54,40680.13,11622.63,210703.11,109832.07,100871.04,0.0,0.99
11712,4/5/2015,organic,Syracuse,2015,1690.53,2.46,104.5,0.0,1583.57,1583.57,0.0,0.0,1.76
7482,10/15/2017,conventional,Plains,2017,1232522.78,566004.4,324285.18,4322.76,337910.44,260794.05,77059.87,56.52,1.77
10326,11/29/2015,organic,Louisville,2015,1491.28,34.6,805.09,0.0,651.59,0.0,651.59,0.0,1.19
2358,8/23/2015,conventional,SouthCentral,2015,5235579.44,3058909.34,1546628.56,30815.55,599225.99,513745.16,85422.36,58.47,0.89
13366,6/5/2016,organic,NewOrleansMobile,2016,1388.5,737.02,0.0,0.0,651.48,641.48,10.0,0.0,1.68
13189,10/30/2016,organic,MiamiFtLauderdale,2016,385.55,8.13,47.42,0.0,330.0,330.0,0.0,0.0,1.58
4,11/29/2015,conventional,Albany,2015,51039.6,941.48,43838.39,75.78,6183.95,5986.26,197.69,0.0,1.28
7127,6/25/2017,conventional,NewYork,2017,1521598.08,53675.18,1060721.23,3691.1,403510.57,260423.69,126518.07,16568.81,1.47
7631,12/24/2017,conventional,RichmondNorfolk,2017,206250.4,49403.62,70977.27,1201.14,84668.37,75698.7,8969.67,0.0,1.19
13137,10/30/2016,organic,Louisville,2016,2038.12,1.27,1696.28,0.0,340.57,196.67,143.9,0.0,1.82
8435,10/22/2017,conventional,WestTexNewMexico,2017,673664.68,390067.16,159230.47,2000.47,122366.58,63878.87,58487.71,0.0,1.04
4145,4/10/2016,conventional,Midsouth,2016,2836884.82,589785.48,1349757.59,79794.87,817546.88,703737.29,112614.44,1195.15,1.05
14302,6/5/2016,organic,SouthCentral,2016,117920.36,36488.57,7670.66,417.29,73343.84,59332.91,14010.93,0.0,1.1
16151,5/21/2017,organic,Nashville,2017,9281.83,358.52,2467.74,0.0,6455.57,591.22,5864.35,0.0,1.2
83,5/24/2015,conventional,Atlanta,2015,623212.04,538126.94,27284.43,1260.8,56539.87,33867.0,22651.15,21.72,0.96
11323,9/27/2015,organic,SanFrancisco,2015,11798.62,1220.59,10523.68,0.0,54.35,54.35,0.0,0.0,2.74
11540,7/26/2015,organic,Southeast,2015,33855.61,9842.79,6913.97,673.36,16425.49,13022.52,3402.97,0.0,1.67
17244,10/8/2017,organic,Spokane,2017,2803.12,236.06,946.35,0.0,1620.71,624.44,996.27,0.0,2.74
1595,4/26/2015,conventional,NorthernNewEngland,2015,311879.23,1960.76,253562.76,79.62,56276.09,56259.03,17.06,0.0,1.24
12520,9/11/2016,organic,DallasFtWorth,2016,26658.47,10022.44,247.44,0.0,16388.59,16072.8,315.79,0.0,1.16
15653,10/15/2017,organic,HartfordSpringfield,2017,16619.7,60.56,2147.55,4.22,14407.37,14397.99,9.38,0.0,1.81
2440,1/25/2015,conventional,Southeast,2015,2778000.82,1990978.47,266024.34,18600.92,502397.09,281141.42,221255.67,0.0,1.15
6111,8/27/2017,conventional,CincinnatiDayton,2017,253876.89,4199.84,88697.4,645.63,160334.02,21251.16,138455.0,627.86,1.31
13166,4/10/2016,organic,Louisville,2016,1886.22,4.9,1398.03,0.0,483.29,123.33,359.96,0.0,1.41
12854,4/10/2016,organic,HartfordSpringfield,2016,8039.96,33.34,2817.51,0.0,5189.11,5144.65,44.46,0.0,2.31
8878,2/25/2018,conventional,PhoenixTucson,2018,1224254.4,621383.55,216588.22,13517.52,372765.11,218471.0,148190.88,6103.23,0.72
16351,8/13/2017,organic,NorthernNewEngland,2017,13218.86,13.62,246.35,0.0,12958.89,12958.89,0.0,0.0,1.69
3698,11/13/2016,conventional,HartfordSpringfield,2016,184928.64,3119.08,129123.05,107.47,52579.04,52391.67,187.37,0.0,1.82
18140,1/7/2018,organic,SouthCarolina,2018,19702.51,257.05,4243.68,151.13,15050.65,14269.86,780.79,0.0,1.26
12079,3/6/2016,organic,BaltimoreWashington,2016,21611.1,658.79,10332.37,340.33,10279.61,2023.14,8256.47,0.0,1.41
3476,2/21/2016,conventional,Denver,2016,955582.65,155250.0,331998.14,14973.1,453361.41,43379.59,409969.42,12.4,0.73
3620,5/15/2016,conventional,GreatLakes,2016,4324700.33,541979.64,2165410.51,491344.53,1125965.65,774859.17,273929.8,77176.68,0.91
5796,8/6/2017,conventional,Boise,2017,73710.09,37252.55,3802.7,7644.86,25009.98,16530.36,8380.66,98.96,1.54
10348,6/28/2015,organic,Louisville,2015,1744.67,8.76,1260.31,0.0,475.6,233.33,242.27,0.0,1.49
1122,5/31/2015,conventional,LasVegas,2015,285741.48,134269.07,84841.82,8253.99,58376.6,41385.11,16991.49,0.0,1.03
1648,4/19/2015,conventional,Orlando,2015,231777.27,157931.42,18812.23,205.89,54827.73,35504.7,19323.03,0.0,1.23
14130,9/25/2016,organic,SanFrancisco,2016,21280.92,1004.39,17080.28,0.0,3196.25,3172.92,23.33,0.0,2.35
8433,11/5/2017,conventional,WestTexNewMexico,2017,791515.45,381629.56,199062.24,8891.13,201932.52,62748.05,139154.47,30.0,0.94
14357,5/15/2016,organic,Southeast,2016,63876.47,14100.94,10954.62,341.16,38479.75,32194.5,6285.25,0.0,1.44
17744,1/7/2018,organic,DallasFtWorth,2018,21286.58,4020.53,454.86,0.0,16811.19,14157.14,2654.05,0.0,1.45
11796,8/23/2015,organic,TotalUS,2015,666276.26,176723.74,298092.6,5985.12,185474.8,119991.27,65483.53,0.0,1.72
13389,12/25/2016,organic,NewYork,2016,37438.54,5592.11,15901.97,772.3,15172.16,14698.51,473.65,0.0,2.17
15513,6/4/2017,organic,GrandRapids,2017,1389.65,2.87,903.88,0.0,482.9,326.67,156.23,0.0,2.33
14655,8/21/2016,organic,West,2016,144812.23,43598.18,50611.87,104.26,50497.92,31310.25,19187.67,0.0,1.82
11309,1/4/2015,organic,SanDiego,2015,19089.36,17522.46,735.22,2.87,828.81,828.81,0.0,0.0,1.23
11239,5/10/2015,organic,Sacramento,2015,27835.34,13918.56,13294.66,0.0,622.12,622.12,0.0,0.0,1.3
42,3/8/2015,conventional,Albany,2015,40507.36,795.68,30370.64,159.05,9181.99,8827.55,354.44,0.0,1.07
11864,5/3/2015,organic,West,2015,378778.68,208996.22,121444.88,242.71,48094.87,10896.11,37198.76,0.0,1.24
997,10/25/2015,conventional,Indianapolis,2015,151558.74,4333.17,89943.26,16586.3,40696.01,18548.38,19394.8,2752.83,1.02
10360,4/5/2015,organic,Louisville,2015,1517.39,4.82,896.16,0.0,616.41,330.0,286.41,0.0,1.59
7299,3/26/2017,conventional,Orlando,2017,281795.07,164358.1,38333.89,88.48,79014.6,44649.55,34365.05,0.0,1.62
2947,4/24/2016,conventional,BaltimoreWashington,2016,915500.04,61118.12,638833.81,15861.03,199687.08,196063.01,3132.4,491.67,1.13
11430,9/6/2015,organic,SouthCarolina,2015,4032.41,541.49,1732.31,545.05,1213.56,1166.16,47.4,0.0,2.0
1712,1/25/2015,conventional,Philadelphia,2015,355645.73,16112.5,211453.65,1409.19,126670.39,110991.22,15679.17,0.0,1.36
5809,5/7/2017,conventional,Boise,2017,121483.27,60550.46,3285.18,9701.89,47945.74,45880.43,2055.34,9.97,1.09
3572,4/17/2016,conventional,GrandRapids,2016,332191.52,1877.71,256399.93,8605.75,65308.13,58861.1,6229.98,217.05,0.89
11411,1/18/2015,organic,Seattle,2015,44616.23,6222.73,30224.67,7.34,8161.49,216.67,7944.82,0.0,1.45
7823,5/7/2017,conventional,SanDiego,2017,613046.52,221144.52,148033.96,20790.62,223077.42,221019.65,202.29,1855.48,1.05
9099,1/21/2018,conventional,TotalUS,2018,42939821.55,14218843.83,13929702.12,928815.12,13862460.48,9866218.28,3789722.9,206519.3,1.08
14442,9/25/2016,organic,StLouis,2016,5873.36,1707.38,708.57,0.0,3457.41,1017.25,2440.16,0.0,1.5
4629,12/18/2016,conventional,Plains,2016,1426470.94,581861.96,428227.02,3271.57,413110.39,377226.69,30112.48,5771.22,1.06
14982,6/11/2017,organic,Boston,2017,20437.87,9.81,1490.22,0.0,18937.84,17150.28,1787.56,0.0,2.07
4283,8/14/2016,conventional,NewYork,2016,1275952.93,18600.18,714407.25,13049.64,529895.86,496919.98,31781.23,1194.65,1.49
17240,11/5/2017,organic,Spokane,2017,2596.51,215.25,1023.49,0.0,1357.77,380.0,977.77,0.0,2.54
17459,9/17/2017,organic,TotalUS,2017,1074567.7,140979.17,243233.57,891.6,689301.75,582096.9,107163.76,41.09,2.0
